customer_id,name,email,city,signup_date
1,Arjun Patel,arjun.patel1@gmail.com,Mumbai,2024-05-20
2,Sneha Reddy,sneha.reddy2@gmail.com,Hyderabad,2024-02-22
3,Arjun Iyer,arjun.iyer3@gmail.com,Jaipur,2024-02-14
4,Meera Rao,meera.rao4@gmail.com,Mumbai,2024-01-16
5,Priya Reddy,priya.reddy5@gmail.com,Bangalore,2024-09-15
6,Meera Sharma,meera.sharma6@gmail.com,Jaipur,2024-04-11
7,Pooja Gupta,pooja.gupta7@gmail.com,Jaipur,2024-08-02
8,Sneha Kapoor,sneha.kapoor8@gmail.com,Lucknow,2024-05-22
9,Nikhil Sharma,nikhil.sharma9@gmail.com,Hyderabad,2024-12-23
10,Vikram Singh,vikram.singh10@gmail.com,Pune,2024-03-20
11,Sneha Singh,sneha.singh11@gmail.com,Delhi,2024-02-17
12,Vikram Patel,vikram.patel12@gmail.com,Ahmedabad,2024-06-25
13,Meera Mehta,meera.mehta13@gmail.com,Mumbai,2024-08-23
14,Rohit Patel,rohit.patel14@gmail.com,Chennai,2024-02-10
15,Rohit Mehta,rohit.mehta15@gmail.com,Lucknow,2024-07-04
16,Meera Reddy,meera.reddy16@gmail.com,Delhi,2024-01-24
17,Arjun Reddy,arjun.reddy17@gmail.com,Pune,2024-02-10
18,Divya Reddy,divya.reddy18@gmail.com,Delhi,2024-07-13
19,Karan Kapoor,karan.kapoor19@gmail.com,Ahmedabad,2024-03-24
20,Anjali Singh,anjali.singh20@gmail.com,Bangalore,2024-12-09
21,Karan Iyer,karan.iyer21@gmail.com,Delhi,2024-11-07
22,Arjun Verma,arjun.verma22@gmail.com,Jaipur,2024-05-05
23,Amit Kapoor,amit.kapoor23@gmail.com,Chennai,2024-05-18
24,Sahil Gupta,sahil.gupta24@gmail.com,Jaipur,2024-04-22
25,Arjun Singh,arjun.singh25@gmail.com,Mumbai,2024-04-27
26,Divya Sharma,divya.sharma26@gmail.com,Ahmedabad,2024-07-24
27,Karan Patel,karan.patel27@gmail.com,Bangalore,2024-10-17
28,Sahil Iyer,sahil.iyer28@gmail.com,Ahmedabad,2024-04-18
29,Arjun Kapoor,arjun.kapoor29@gmail.com,Chennai,2024-11-25
30,Neha Verma,neha.verma30@gmail.com,Pune,2024-03-12
31,Sneha Iyer,sneha.iyer31@gmail.com,Jaipur,2024-10-02
32,Karan Iyer,karan.iyer32@gmail.com,Lucknow,2024-08-07
33,Sahil Nair,sahil.nair33@gmail.com,Chennai,2024-07-04
34,Sneha Verma,sneha.verma34@gmail.com,Jaipur,2024-09-09
35,Priya Sharma,priya.sharma35@gmail.com,Delhi,2024-03-19
36,Arjun Verma,arjun.verma36@gmail.com,Chennai,2024-11-01
37,Priya Rao,priya.rao37@gmail.com,Chennai,2024-11-01
38,Neha Jain,neha.jain38@gmail.com,Pune,2024-10-10
39,Divya Sharma,divya.sharma39@gmail.com,Delhi,2024-12-15
40,Sahil Jain,sahil.jain40@gmail.com,Pune,2024-11-24
41,Anjali Patel,anjali.patel41@gmail.com,Pune,2024-08-10
42,Amit Kapoor,amit.kapoor42@gmail.com,Mumbai,2024-05-14
43,Rohit Verma,rohit.verma43@gmail.com,Jaipur,2024-02-24
44,Divya Gupta,divya.gupta44@gmail.com,Pune,2024-11-23
45,Rohit Nair,rohit.nair45@gmail.com,Bangalore,2024-03-19
46,Anjali Verma,anjali.verma46@gmail.com,Jaipur,2024-09-28
47,Sahil Sharma,sahil.sharma47@gmail.com,Lucknow,2024-06-14
48,Neha Sharma,neha.sharma48@gmail.com,Delhi,2024-07-04
49,Sahil Mehta,sahil.mehta49@gmail.com,Bangalore,2024-01-30
50,Sneha Nair,sneha.nair50@gmail.com,Delhi,2024-02-13
51,Pooja Kapoor,pooja.kapoor51@gmail.com,Delhi,2024-09-29
52,Nikhil Verma,nikhil.verma52@gmail.com,Hyderabad,2024-12-03
53,Neha Jain,neha.jain53@gmail.com,Hyderabad,2024-05-15
54,Rohit Nair,rohit.nair54@gmail.com,Chennai,2024-04-18
55,Sahil Jain,sahil.jain55@gmail.com,Bangalore,2024-12-31
56,Karan Rao,karan.rao56@gmail.com,Ahmedabad,2024-08-12
57,Sahil Jain,sahil.jain57@gmail.com,Kolkata,2024-03-02
58,Sneha Reddy,sneha.reddy58@gmail.com,Delhi,2024-06-22
59,Rahul Nair,rahul.nair59@gmail.com,Jaipur,2024-04-27
60,Meera Reddy,meera.reddy60@gmail.com,Mumbai,2024-02-06
61,Pooja Gupta,pooja.gupta61@gmail.com,Mumbai,2024-04-27
62,Priya Sharma,priya.sharma62@gmail.com,Ahmedabad,2024-02-06
63,Rohit Reddy,rohit.reddy63@gmail.com,Pune,2024-12-08
64,Neha Reddy,neha.reddy64@gmail.com,Jaipur,2024-03-08
65,Pooja Nair,pooja.nair65@gmail.com,Lucknow,2024-08-30
66,Sneha Kapoor,sneha.kapoor66@gmail.com,Chennai,2024-04-07
67,Priya Patel,priya.patel67@gmail.com,Chennai,2024-06-30
68,Vikram Rao,vikram.rao68@gmail.com,Kolkata,2024-01-28
69,Arjun Gupta,arjun.gupta69@gmail.com,Delhi,2024-02-01
70,Vikram Iyer,vikram.iyer70@gmail.com,Ahmedabad,2024-02-25
71,Sneha Reddy,sneha.reddy71@gmail.com,Bangalore,2024-10-01
72,Neha Verma,neha.verma72@gmail.com,Chennai,2024-04-03
73,Karan Kapoor,karan.kapoor73@gmail.com,Bangalore,2024-02-08
74,Neha Jain,neha.jain74@gmail.com,Delhi,2024-01-26
75,Arjun Jain,arjun.jain75@gmail.com,Mumbai,2024-02-17
76,Sahil Reddy,sahil.reddy76@gmail.com,Hyderabad,2024-07-27
77,Neha Kapoor,neha.kapoor77@gmail.com,Bangalore,2024-07-24
78,Sahil Sharma,sahil.sharma78@gmail.com,Hyderabad,2024-07-13
79,Rahul Rao,rahul.rao79@gmail.com,Pune,2024-08-20
80,Karan Rao,karan.rao80@gmail.com,Jaipur,2024-12-04
81,Pooja Kapoor,pooja.kapoor81@gmail.com,Hyderabad,2024-04-07
82,Karan Reddy,karan.reddy82@gmail.com,Mumbai,2024-10-23
83,Pooja Jain,pooja.jain83@gmail.com,Mumbai,2024-06-09
84,Rahul Sharma,rahul.sharma84@gmail.com,Lucknow,2024-09-01
85,Rohit Jain,rohit.jain85@gmail.com,Hyderabad,2024-01-30
86,Rohit Patel,rohit.patel86@gmail.com,Hyderabad,2024-02-05
87,Meera Patel,meera.patel87@gmail.com,Bangalore,2024-07-25
88,Priya Nair,priya.nair88@gmail.com,Bangalore,2024-10-23
89,Meera Sharma,meera.sharma89@gmail.com,Lucknow,2024-02-11
90,Vikram Gupta,vikram.gupta90@gmail.com,Lucknow,2024-10-16
91,Rohit Singh,rohit.singh91@gmail.com,Pune,2024-04-14
92,Arjun Iyer,arjun.iyer92@gmail.com,Ahmedabad,2024-05-02
93,Karan Rao,karan.rao93@gmail.com,Hyderabad,2024-12-09
94,Arjun Mehta,arjun.mehta94@gmail.com,Kolkata,2024-06-10
95,Sahil Patel,sahil.patel95@gmail.com,Mumbai,2024-08-22
96,Meera Nair,meera.nair96@gmail.com,Delhi,2024-02-07
97,Rohit Reddy,rohit.reddy97@gmail.com,Jaipur,2024-05-15
98,Amit Singh,amit.singh98@gmail.com,Delhi,2024-05-05
99,Anjali Mehta,anjali.mehta99@gmail.com,Hyderabad,2024-08-12
100,Divya Jain,divya.jain100@gmail.com,Pune,2024-11-09
101,Nikhil Gupta,nikhil.gupta101@gmail.com,Jaipur,2024-01-05
102,Arjun Jain,arjun.jain102@gmail.com,Pune,2024-12-05
103,Priya Verma,priya.verma103@gmail.com,Pune,2024-02-29
104,Sahil Patel,sahil.patel104@gmail.com,Jaipur,2024-03-20
105,Karan Mehta,karan.mehta105@gmail.com,Lucknow,2024-04-17
106,Pooja Singh,pooja.singh106@gmail.com,Bangalore,2024-12-17
107,Arjun Mehta,arjun.mehta107@gmail.com,Jaipur,2024-09-07
108,Karan Sharma,karan.sharma108@gmail.com,Delhi,2024-11-20
109,Vikram Mehta,vikram.mehta109@gmail.com,Mumbai,2024-01-02
110,Anjali Verma,anjali.verma110@gmail.com,Pune,2024-03-23
111,Pooja Kapoor,pooja.kapoor111@gmail.com,Jaipur,2024-12-27
112,Vikram Jain,vikram.jain112@gmail.com,Mumbai,2024-02-27
113,Priya Iyer,priya.iyer113@gmail.com,Hyderabad,2024-10-06
114,Rahul Singh,rahul.singh114@gmail.com,Lucknow,2024-10-09
115,Amit Rao,amit.rao115@gmail.com,Hyderabad,2024-01-22
116,Karan Singh,karan.singh116@gmail.com,Mumbai,2024-07-02
117,Sneha Gupta,sneha.gupta117@gmail.com,Bangalore,2024-12-07
118,Priya Singh,priya.singh118@gmail.com,Jaipur,2024-07-27
119,Meera Iyer,meera.iyer119@gmail.com,Hyderabad,2024-05-01
120,Divya Verma,divya.verma120@gmail.com,Hyderabad,2024-07-30
121,Rahul Verma,rahul.verma121@gmail.com,Ahmedabad,2024-07-29
122,Nikhil Gupta,nikhil.gupta122@gmail.com,Bangalore,2024-05-16
123,Amit Iyer,amit.iyer123@gmail.com,Delhi,2024-07-14
124,Divya Sharma,divya.sharma124@gmail.com,Kolkata,2024-04-23
125,Sneha Kapoor,sneha.kapoor125@gmail.com,Ahmedabad,2024-06-05
126,Divya Reddy,divya.reddy126@gmail.com,Bangalore,2024-01-13
127,Arjun Reddy,arjun.reddy127@gmail.com,Chennai,2024-06-17
128,Karan Patel,karan.patel128@gmail.com,Pune,2024-06-28
129,Arjun Jain,arjun.jain129@gmail.com,Chennai,2024-12-13
130,Divya Jain,divya.jain130@gmail.com,Ahmedabad,2024-01-15
131,Priya Mehta,priya.mehta131@gmail.com,Hyderabad,2024-10-24
132,Karan Sharma,karan.sharma132@gmail.com,Delhi,2024-11-01
133,Vikram Singh,vikram.singh133@gmail.com,Ahmedabad,2024-08-11
134,Meera Jain,meera.jain134@gmail.com,Delhi,2024-07-16
135,Sahil Nair,sahil.nair135@gmail.com,Bangalore,2024-05-10
136,Rahul Iyer,rahul.iyer136@gmail.com,Chennai,2024-01-01
137,Rohit Jain,rohit.jain137@gmail.com,Bangalore,2024-07-05
138,Vikram Patel,vikram.patel138@gmail.com,Ahmedabad,2024-11-15
139,Anjali Gupta,anjali.gupta139@gmail.com,Delhi,2024-06-02
140,Rohit Mehta,rohit.mehta140@gmail.com,Chennai,2024-06-16
141,Vikram Iyer,vikram.iyer141@gmail.com,Pune,2024-10-10
142,Amit Reddy,amit.reddy142@gmail.com,Chennai,2024-12-06
143,Vikram Gupta,vikram.gupta143@gmail.com,Hyderabad,2024-11-11
144,Meera Mehta,meera.mehta144@gmail.com,Chennai,2024-10-07
145,Divya Sharma,divya.sharma145@gmail.com,Pune,2024-05-26
146,Sneha Rao,sneha.rao146@gmail.com,Lucknow,2024-11-06
147,Arjun Singh,arjun.singh147@gmail.com,Kolkata,2024-08-14
148,Neha Gupta,neha.gupta148@gmail.com,Bangalore,2024-09-18
149,Neha Iyer,neha.iyer149@gmail.com,Hyderabad,2024-12-03
150,Priya Mehta,priya.mehta150@gmail.com,Jaipur,2024-12-05
151,Arjun Nair,arjun.nair151@gmail.com,Ahmedabad,2024-02-17
152,Divya Reddy,divya.reddy152@gmail.com,Pune,2024-04-25
153,Nikhil Reddy,nikhil.reddy153@gmail.com,Hyderabad,2024-01-13
154,Rahul Reddy,rahul.reddy154@gmail.com,Kolkata,2024-11-08
155,Divya Patel,divya.patel155@gmail.com,Kolkata,2024-07-31
156,Sahil Gupta,sahil.gupta156@gmail.com,Lucknow,2024-04-09
157,Pooja Iyer,pooja.iyer157@gmail.com,Chennai,2024-09-10
158,Vikram Reddy,vikram.reddy158@gmail.com,Hyderabad,2024-12-01
159,Pooja Sharma,pooja.sharma159@gmail.com,Delhi,2024-08-05
160,Sneha Verma,sneha.verma160@gmail.com,Jaipur,2024-08-25
161,Rahul Jain,rahul.jain161@gmail.com,Bangalore,2024-03-03
162,Neha Verma,neha.verma162@gmail.com,Kolkata,2024-12-07
163,Rohit Jain,rohit.jain163@gmail.com,Lucknow,2024-06-11
164,Nikhil Kapoor,nikhil.kapoor164@gmail.com,Lucknow,2024-09-15
165,Vikram Jain,vikram.jain165@gmail.com,Kolkata,2024-03-22
166,Pooja Kapoor,pooja.kapoor166@gmail.com,Kolkata,2024-05-12
167,Nikhil Reddy,nikhil.reddy167@gmail.com,Pune,2024-09-23
168,Neha Gupta,neha.gupta168@gmail.com,Bangalore,2024-05-20
169,Neha Patel,neha.patel169@gmail.com,Pune,2024-04-30
170,Karan Singh,karan.singh170@gmail.com,Ahmedabad,2024-10-03
171,Priya Verma,priya.verma171@gmail.com,Hyderabad,2024-04-28
172,Vikram Iyer,vikram.iyer172@gmail.com,Hyderabad,2024-12-27
173,Sneha Patel,sneha.patel173@gmail.com,Chennai,2024-07-27
174,Anjali Jain,anjali.jain174@gmail.com,Kolkata,2024-07-31
175,Rahul Reddy,rahul.reddy175@gmail.com,Chennai,2024-07-18
176,Sahil Nair,sahil.nair176@gmail.com,Mumbai,2024-10-21
177,Vikram Kapoor,vikram.kapoor177@gmail.com,Mumbai,2024-06-29
178,Karan Rao,karan.rao178@gmail.com,Chennai,2024-10-02
179,Pooja Iyer,pooja.iyer179@gmail.com,Jaipur,2024-11-04
180,Sahil Reddy,sahil.reddy180@gmail.com,Kolkata,2024-04-22
181,Karan Rao,karan.rao181@gmail.com,Kolkata,2024-01-15
182,Vikram Singh,vikram.singh182@gmail.com,Chennai,2024-03-25
183,Divya Kapoor,divya.kapoor183@gmail.com,Hyderabad,2024-11-14
184,Rohit Sharma,rohit.sharma184@gmail.com,Chennai,2024-10-30
185,Meera Gupta,meera.gupta185@gmail.com,Mumbai,2024-02-12
186,Arjun Rao,arjun.rao186@gmail.com,Hyderabad,2024-08-24
187,Amit Sharma,amit.sharma187@gmail.com,Pune,2024-07-13
188,Anjali Reddy,anjali.reddy188@gmail.com,Kolkata,2024-06-16
189,Anjali Rao,anjali.rao189@gmail.com,Pune,2024-08-03
190,Karan Patel,karan.patel190@gmail.com,Kolkata,2024-01-10
191,Pooja Jain,pooja.jain191@gmail.com,Mumbai,2024-06-28
192,Sneha Gupta,sneha.gupta192@gmail.com,Delhi,2024-11-29
193,Rahul Sharma,rahul.sharma193@gmail.com,Bangalore,2024-04-12
194,Divya Sharma,divya.sharma194@gmail.com,Lucknow,2024-03-19
195,Sneha Verma,sneha.verma195@gmail.com,Kolkata,2024-12-08
196,Priya Nair,priya.nair196@gmail.com,Bangalore,2024-08-26
197,Pooja Mehta,pooja.mehta197@gmail.com,Ahmedabad,2024-03-26
198,Meera Nair,meera.nair198@gmail.com,Delhi,2024-03-24
199,Karan Patel,karan.patel199@gmail.com,Lucknow,2024-01-14
200,Sahil Mehta,sahil.mehta200@gmail.com,Lucknow,2024-12-12
201,Sahil Rao,sahil.rao201@gmail.com,Chennai,2024-04-11
202,Priya Nair,priya.nair202@gmail.com,Bangalore,2024-02-22
203,Pooja Mehta,pooja.mehta203@gmail.com,Lucknow,2024-03-02
204,Nikhil Nair,nikhil.nair204@gmail.com,Mumbai,2024-06-26
205,Rohit Rao,rohit.rao205@gmail.com,Ahmedabad,2024-02-05
206,Rohit Gupta,rohit.gupta206@gmail.com,Ahmedabad,2024-01-07
207,Divya Rao,divya.rao207@gmail.com,Kolkata,2024-02-24
208,Vikram Singh,vikram.singh208@gmail.com,Kolkata,2024-12-28
209,Amit Rao,amit.rao209@gmail.com,Hyderabad,2024-09-24
210,Arjun Mehta,arjun.mehta210@gmail.com,Lucknow,2024-10-02
211,Nikhil Kapoor,nikhil.kapoor211@gmail.com,Kolkata,2024-08-11
212,Divya Iyer,divya.iyer212@gmail.com,Lucknow,2024-05-17
213,Anjali Reddy,anjali.reddy213@gmail.com,Delhi,2024-05-22
214,Sahil Kapoor,sahil.kapoor214@gmail.com,Bangalore,2024-08-25
215,Meera Nair,meera.nair215@gmail.com,Chennai,2024-06-21
216,Rahul Kapoor,rahul.kapoor216@gmail.com,Ahmedabad,2024-04-03
217,Neha Reddy,neha.reddy217@gmail.com,Ahmedabad,2024-05-12
218,Anjali Mehta,anjali.mehta218@gmail.com,Lucknow,2024-12-25
219,Sahil Mehta,sahil.mehta219@gmail.com,Jaipur,2024-01-06
220,Rohit Reddy,rohit.reddy220@gmail.com,Delhi,2024-05-03
221,Pooja Rao,pooja.rao221@gmail.com,Kolkata,2024-10-11
222,Nikhil Reddy,nikhil.reddy222@gmail.com,Kolkata,2024-11-26
223,Pooja Kapoor,pooja.kapoor223@gmail.com,Kolkata,2024-01-09
224,Priya Mehta,priya.mehta224@gmail.com,Bangalore,2024-07-26
225,Pooja Reddy,pooja.reddy225@gmail.com,Pune,2024-12-05
226,Meera Singh,meera.singh226@gmail.com,Kolkata,2024-10-10
227,Rohit Singh,rohit.singh227@gmail.com,Chennai,2024-10-08
228,Anjali Singh,anjali.singh228@gmail.com,Kolkata,2024-05-18
229,Karan Mehta,karan.mehta229@gmail.com,Bangalore,2024-03-02
230,Pooja Reddy,pooja.reddy230@gmail.com,Ahmedabad,2024-03-02
231,Pooja Jain,pooja.jain231@gmail.com,Hyderabad,2024-04-08
232,Sneha Iyer,sneha.iyer232@gmail.com,Kolkata,2024-05-21
233,Pooja Nair,pooja.nair233@gmail.com,Jaipur,2024-11-01
234,Karan Patel,karan.patel234@gmail.com,Bangalore,2024-05-31
235,Sneha Singh,sneha.singh235@gmail.com,Hyderabad,2024-06-03
236,Rahul Iyer,rahul.iyer236@gmail.com,Jaipur,2024-03-05
237,Karan Sharma,karan.sharma237@gmail.com,Mumbai,2024-10-10
238,Karan Iyer,karan.iyer238@gmail.com,Hyderabad,2024-11-22
239,Divya Kapoor,divya.kapoor239@gmail.com,Delhi,2024-01-07
240,Meera Mehta,meera.mehta240@gmail.com,Kolkata,2024-09-02
241,Neha Singh,neha.singh241@gmail.com,Hyderabad,2024-01-27
242,Karan Kapoor,karan.kapoor242@gmail.com,Delhi,2024-02-03
243,Vikram Kapoor,vikram.kapoor243@gmail.com,Delhi,2024-10-22
244,Arjun Gupta,arjun.gupta244@gmail.com,Mumbai,2024-03-18
245,Amit Nair,amit.nair245@gmail.com,Pune,2024-02-13
246,Sneha Patel,sneha.patel246@gmail.com,Jaipur,2024-08-01
247,Meera Nair,meera.nair247@gmail.com,Lucknow,2024-04-25
248,Nikhil Jain,nikhil.jain248@gmail.com,Chennai,2024-08-18
249,Sahil Kapoor,sahil.kapoor249@gmail.com,Pune,2024-10-28
250,Vikram Mehta,vikram.mehta250@gmail.com,Lucknow,2024-11-13
251,Rahul Nair,rahul.nair251@gmail.com,Delhi,2024-04-16
252,Arjun Reddy,arjun.reddy252@gmail.com,Pune,2024-12-04
253,Priya Verma,priya.verma253@gmail.com,Bangalore,2024-03-29
254,Rohit Patel,rohit.patel254@gmail.com,Hyderabad,2024-01-02
255,Vikram Kapoor,vikram.kapoor255@gmail.com,Lucknow,2024-08-28
256,Karan Sharma,karan.sharma256@gmail.com,Bangalore,2024-05-27
257,Pooja Mehta,pooja.mehta257@gmail.com,Kolkata,2024-02-06
258,Arjun Reddy,arjun.reddy258@gmail.com,Pune,2024-11-16
259,Meera Gupta,meera.gupta259@gmail.com,Bangalore,2024-08-05
260,Priya Jain,priya.jain260@gmail.com,Bangalore,2024-11-27
261,Amit Mehta,amit.mehta261@gmail.com,Hyderabad,2024-02-06
262,Rahul Verma,rahul.verma262@gmail.com,Pune,2024-10-31
263,Pooja Nair,pooja.nair263@gmail.com,Pune,2024-08-12
264,Priya Kapoor,priya.kapoor264@gmail.com,Pune,2024-12-24
265,Vikram Mehta,vikram.mehta265@gmail.com,Jaipur,2024-10-03
266,Neha Kapoor,neha.kapoor266@gmail.com,Delhi,2024-11-02
267,Rahul Rao,rahul.rao267@gmail.com,Ahmedabad,2024-11-05
268,Karan Sharma,karan.sharma268@gmail.com,Delhi,2024-04-27
269,Arjun Nair,arjun.nair269@gmail.com,Lucknow,2024-01-11
270,Nikhil Gupta,nikhil.gupta270@gmail.com,Pune,2024-10-22
271,Rahul Verma,rahul.verma271@gmail.com,Kolkata,2024-09-22
272,Arjun Kapoor,arjun.kapoor272@gmail.com,Pune,2024-04-02
273,Meera Rao,meera.rao273@gmail.com,Kolkata,2024-02-16
274,Neha Singh,neha.singh274@gmail.com,Chennai,2024-06-19
275,Anjali Gupta,anjali.gupta275@gmail.com,Delhi,2024-03-23
276,Anjali Rao,anjali.rao276@gmail.com,Kolkata,2024-05-27
277,Arjun Rao,arjun.rao277@gmail.com,Jaipur,2024-01-19
278,Neha Patel,neha.patel278@gmail.com,Ahmedabad,2024-05-09
279,Anjali Patel,anjali.patel279@gmail.com,Chennai,2024-09-20
280,Divya Sharma,divya.sharma280@gmail.com,Jaipur,2024-08-24
281,Vikram Sharma,vikram.sharma281@gmail.com,Bangalore,2024-09-22
282,Anjali Nair,anjali.nair282@gmail.com,Kolkata,2024-11-16
283,Neha Sharma,neha.sharma283@gmail.com,Bangalore,2024-05-16
284,Rohit Verma,rohit.verma284@gmail.com,Pune,2024-08-12
285,Sahil Iyer,sahil.iyer285@gmail.com,Kolkata,2024-03-03
286,Rahul Gupta,rahul.gupta286@gmail.com,Lucknow,2024-05-02
287,Pooja Verma,pooja.verma287@gmail.com,Pune,2024-10-09
288,Rahul Jain,rahul.jain288@gmail.com,Chennai,2024-02-17
289,Sneha Patel,sneha.patel289@gmail.com,Kolkata,2024-03-01
290,Arjun Verma,arjun.verma290@gmail.com,Kolkata,2024-05-29
291,Rohit Iyer,rohit.iyer291@gmail.com,Pune,2024-07-31
292,Divya Kapoor,divya.kapoor292@gmail.com,Kolkata,2024-05-04
293,Neha Jain,neha.jain293@gmail.com,Hyderabad,2024-07-15
294,Sneha Nair,sneha.nair294@gmail.com,Jaipur,2024-03-10
295,Divya Patel,divya.patel295@gmail.com,Pune,2024-07-31
296,Anjali Jain,anjali.jain296@gmail.com,Pune,2024-01-02
297,Karan Iyer,karan.iyer297@gmail.com,Pune,2024-10-27
298,Meera Gupta,meera.gupta298@gmail.com,Kolkata,2024-03-17
299,Neha Jain,neha.jain299@gmail.com,Kolkata,2024-06-25
300,Anjali Jain,anjali.jain300@gmail.com,Jaipur,2024-07-12
301,Neha Singh,neha.singh301@gmail.com,Bangalore,2024-12-23
302,Sneha Nair,sneha.nair302@gmail.com,Chennai,2024-04-29
303,Divya Rao,divya.rao303@gmail.com,Mumbai,2024-06-11
304,Pooja Kapoor,pooja.kapoor304@gmail.com,Chennai,2024-07-16
305,Arjun Gupta,arjun.gupta305@gmail.com,Hyderabad,2024-09-10
306,Rahul Verma,rahul.verma306@gmail.com,Jaipur,2024-10-29
307,Anjali Patel,anjali.patel307@gmail.com,Kolkata,2024-02-21
308,Rohit Kapoor,rohit.kapoor308@gmail.com,Mumbai,2024-03-14
309,Vikram Gupta,vikram.gupta309@gmail.com,Hyderabad,2024-02-08
310,Neha Mehta,neha.mehta310@gmail.com,Ahmedabad,2024-11-15
311,Pooja Rao,pooja.rao311@gmail.com,Delhi,2024-06-17
312,Divya Gupta,divya.gupta312@gmail.com,Jaipur,2024-07-13
313,Anjali Gupta,anjali.gupta313@gmail.com,Kolkata,2024-10-04
314,Rahul Nair,rahul.nair314@gmail.com,Delhi,2024-04-30
315,Arjun Gupta,arjun.gupta315@gmail.com,Pune,2024-04-26
316,Pooja Patel,pooja.patel316@gmail.com,Chennai,2024-02-20
317,Nikhil Gupta,nikhil.gupta317@gmail.com,Delhi,2024-08-15
318,Amit Iyer,amit.iyer318@gmail.com,Pune,2024-01-15
319,Rahul Singh,rahul.singh319@gmail.com,Mumbai,2024-05-30
320,Anjali Singh,anjali.singh320@gmail.com,Chennai,2024-03-15
321,Sneha Jain,sneha.jain321@gmail.com,Chennai,2024-10-16
322,Arjun Verma,arjun.verma322@gmail.com,Hyderabad,2024-03-30
323,Priya Nair,priya.nair323@gmail.com,Chennai,2024-11-13
324,Arjun Reddy,arjun.reddy324@gmail.com,Kolkata,2024-10-25
325,Amit Reddy,amit.reddy325@gmail.com,Kolkata,2024-11-22
326,Karan Kapoor,karan.kapoor326@gmail.com,Pune,2024-12-07
327,Rahul Kapoor,rahul.kapoor327@gmail.com,Pune,2024-12-12
328,Rohit Verma,rohit.verma328@gmail.com,Delhi,2024-08-14
329,Anjali Nair,anjali.nair329@gmail.com,Pune,2024-11-23
330,Vikram Iyer,vikram.iyer330@gmail.com,Pune,2024-08-21
331,Divya Mehta,divya.mehta331@gmail.com,Bangalore,2024-07-15
332,Divya Kapoor,divya.kapoor332@gmail.com,Delhi,2024-05-01
333,Vikram Nair,vikram.nair333@gmail.com,Ahmedabad,2024-10-21
334,Karan Iyer,karan.iyer334@gmail.com,Pune,2024-01-12
335,Divya Gupta,divya.gupta335@gmail.com,Chennai,2024-05-20
336,Rahul Nair,rahul.nair336@gmail.com,Mumbai,2024-11-06
337,Pooja Kapoor,pooja.kapoor337@gmail.com,Pune,2024-04-27
338,Meera Singh,meera.singh338@gmail.com,Bangalore,2024-11-21
339,Sneha Nair,sneha.nair339@gmail.com,Pune,2024-12-13
340,Nikhil Iyer,nikhil.iyer340@gmail.com,Hyderabad,2024-11-17
341,Priya Gupta,priya.gupta341@gmail.com,Mumbai,2024-06-07
342,Nikhil Kapoor,nikhil.kapoor342@gmail.com,Mumbai,2024-10-23
343,Anjali Iyer,anjali.iyer343@gmail.com,Hyderabad,2024-02-16
344,Sahil Mehta,sahil.mehta344@gmail.com,Ahmedabad,2024-07-31
345,Amit Reddy,amit.reddy345@gmail.com,Hyderabad,2024-10-03
346,Sahil Singh,sahil.singh346@gmail.com,Jaipur,2024-09-13
347,Sahil Mehta,sahil.mehta347@gmail.com,Hyderabad,2024-05-11
348,Sahil Kapoor,sahil.kapoor348@gmail.com,Pune,2024-06-22
349,Nikhil Patel,nikhil.patel349@gmail.com,Kolkata,2024-02-08
350,Amit Reddy,amit.reddy350@gmail.com,Chennai,2024-10-12
351,Anjali Patel,anjali.patel351@gmail.com,Chennai,2024-01-08
352,Karan Jain,karan.jain352@gmail.com,Delhi,2024-08-20
353,Anjali Gupta,anjali.gupta353@gmail.com,Pune,2024-10-26
354,Vikram Gupta,vikram.gupta354@gmail.com,Ahmedabad,2024-02-25
355,Arjun Reddy,arjun.reddy355@gmail.com,Kolkata,2024-01-13
356,Meera Jain,meera.jain356@gmail.com,Ahmedabad,2024-11-08
357,Sneha Gupta,sneha.gupta357@gmail.com,Delhi,2024-11-21
358,Divya Kapoor,divya.kapoor358@gmail.com,Pune,2024-11-28
359,Vikram Patel,vikram.patel359@gmail.com,Hyderabad,2024-01-24
360,Rahul Mehta,rahul.mehta360@gmail.com,Kolkata,2024-02-29
361,Priya Reddy,priya.reddy361@gmail.com,Jaipur,2024-03-10
362,Vikram Kapoor,vikram.kapoor362@gmail.com,Ahmedabad,2024-12-09
363,Pooja Iyer,pooja.iyer363@gmail.com,Jaipur,2024-08-02
364,Meera Iyer,meera.iyer364@gmail.com,Hyderabad,2024-07-31
365,Arjun Patel,arjun.patel365@gmail.com,Kolkata,2024-11-11
366,Vikram Mehta,vikram.mehta366@gmail.com,Mumbai,2024-12-19
367,Anjali Reddy,anjali.reddy367@gmail.com,Kolkata,2024-08-15
368,Sneha Singh,sneha.singh368@gmail.com,Delhi,2024-12-17
369,Anjali Jain,anjali.jain369@gmail.com,Ahmedabad,2024-02-01
370,Vikram Mehta,vikram.mehta370@gmail.com,Bangalore,2024-03-03
371,Divya Kapoor,divya.kapoor371@gmail.com,Delhi,2024-12-05
372,Sneha Gupta,sneha.gupta372@gmail.com,Lucknow,2024-01-11
373,Rahul Singh,rahul.singh373@gmail.com,Bangalore,2024-03-05
374,Nikhil Nair,nikhil.nair374@gmail.com,Bangalore,2024-02-05
375,Divya Jain,divya.jain375@gmail.com,Bangalore,2024-10-27
376,Sneha Reddy,sneha.reddy376@gmail.com,Ahmedabad,2024-03-16
377,Nikhil Nair,nikhil.nair377@gmail.com,Mumbai,2024-05-21
378,Divya Verma,divya.verma378@gmail.com,Hyderabad,2024-10-03
379,Karan Verma,karan.verma379@gmail.com,Delhi,2024-12-04
380,Divya Sharma,divya.sharma380@gmail.com,Hyderabad,2024-01-08
381,Anjali Reddy,anjali.reddy381@gmail.com,Lucknow,2024-06-14
382,Rahul Verma,rahul.verma382@gmail.com,Pune,2024-01-27
383,Amit Iyer,amit.iyer383@gmail.com,Chennai,2024-09-26
384,Priya Iyer,priya.iyer384@gmail.com,Delhi,2024-08-31
385,Neha Singh,neha.singh385@gmail.com,Jaipur,2024-10-30
386,Priya Kapoor,priya.kapoor386@gmail.com,Jaipur,2024-04-23
387,Meera Sharma,meera.sharma387@gmail.com,Jaipur,2024-06-03
388,Neha Gupta,neha.gupta388@gmail.com,Mumbai,2024-02-01
389,Neha Rao,neha.rao389@gmail.com,Chennai,2024-12-17
390,Priya Kapoor,priya.kapoor390@gmail.com,Kolkata,2024-02-07
391,Sahil Patel,sahil.patel391@gmail.com,Ahmedabad,2024-11-07
392,Amit Patel,amit.patel392@gmail.com,Hyderabad,2024-05-20
393,Meera Gupta,meera.gupta393@gmail.com,Lucknow,2024-10-07
394,Pooja Singh,pooja.singh394@gmail.com,Chennai,2024-11-01
395,Rohit Mehta,rohit.mehta395@gmail.com,Kolkata,2024-09-15
396,Meera Rao,meera.rao396@gmail.com,Delhi,2024-12-25
397,Priya Gupta,priya.gupta397@gmail.com,Jaipur,2024-04-20
398,Vikram Kapoor,vikram.kapoor398@gmail.com,Bangalore,2024-07-30
399,Anjali Kapoor,anjali.kapoor399@gmail.com,Chennai,2024-07-31
400,Pooja Patel,pooja.patel400@gmail.com,Ahmedabad,2024-08-06
401,Anjali Gupta,anjali.gupta401@gmail.com,Pune,2024-07-10
402,Amit Gupta,amit.gupta402@gmail.com,Kolkata,2024-02-04
403,Priya Patel,priya.patel403@gmail.com,Delhi,2024-08-09
404,Priya Iyer,priya.iyer404@gmail.com,Ahmedabad,2024-03-07
405,Rohit Sharma,rohit.sharma405@gmail.com,Lucknow,2024-10-14
406,Rohit Singh,rohit.singh406@gmail.com,Delhi,2024-07-29
407,Anjali Gupta,anjali.gupta407@gmail.com,Chennai,2024-01-27
408,Karan Nair,karan.nair408@gmail.com,Pune,2024-06-29
409,Priya Nair,priya.nair409@gmail.com,Jaipur,2024-04-18
410,Amit Gupta,amit.gupta410@gmail.com,Kolkata,2024-04-24
411,Divya Patel,divya.patel411@gmail.com,Ahmedabad,2024-10-11
412,Anjali Patel,anjali.patel412@gmail.com,Pune,2024-10-20
413,Sneha Rao,sneha.rao413@gmail.com,Jaipur,2024-11-14
414,Meera Gupta,meera.gupta414@gmail.com,Jaipur,2024-01-14
415,Meera Gupta,meera.gupta415@gmail.com,Pune,2024-01-15
416,Amit Mehta,amit.mehta416@gmail.com,Pune,2024-06-22
417,Anjali Sharma,anjali.sharma417@gmail.com,Hyderabad,2024-03-14
418,Meera Gupta,meera.gupta418@gmail.com,Chennai,2024-02-05
419,Amit Iyer,amit.iyer419@gmail.com,Mumbai,2024-02-16
420,Pooja Jain,pooja.jain420@gmail.com,Bangalore,2024-07-11
421,Vikram Kapoor,vikram.kapoor421@gmail.com,Ahmedabad,2024-03-21
422,Anjali Mehta,anjali.mehta422@gmail.com,Ahmedabad,2024-10-17
423,Meera Patel,meera.patel423@gmail.com,Mumbai,2024-03-20
424,Amit Nair,amit.nair424@gmail.com,Mumbai,2024-12-11
425,Priya Mehta,priya.mehta425@gmail.com,Kolkata,2024-12-04
426,Vikram Kapoor,vikram.kapoor426@gmail.com,Lucknow,2024-08-14
427,Vikram Mehta,vikram.mehta427@gmail.com,Bangalore,2024-09-19
428,Priya Singh,priya.singh428@gmail.com,Chennai,2024-02-26
429,Karan Gupta,karan.gupta429@gmail.com,Lucknow,2024-09-06
430,Rohit Gupta,rohit.gupta430@gmail.com,Pune,2024-01-24
431,Sneha Rao,sneha.rao431@gmail.com,Lucknow,2024-01-29
432,Rahul Reddy,rahul.reddy432@gmail.com,Pune,2024-04-18
433,Nikhil Verma,nikhil.verma433@gmail.com,Pune,2024-05-28
434,Anjali Patel,anjali.patel434@gmail.com,Mumbai,2024-09-11
435,Pooja Rao,pooja.rao435@gmail.com,Hyderabad,2024-03-07
436,Vikram Jain,vikram.jain436@gmail.com,Bangalore,2024-09-13
437,Rohit Gupta,rohit.gupta437@gmail.com,Ahmedabad,2024-02-06
438,Vikram Iyer,vikram.iyer438@gmail.com,Mumbai,2024-08-11
439,Rahul Kapoor,rahul.kapoor439@gmail.com,Delhi,2024-06-09
440,Meera Rao,meera.rao440@gmail.com,Lucknow,2024-07-26
441,Pooja Gupta,pooja.gupta441@gmail.com,Chennai,2024-05-28
442,Priya Rao,priya.rao442@gmail.com,Mumbai,2024-06-15
443,Amit Nair,amit.nair443@gmail.com,Kolkata,2024-12-19
444,Sahil Singh,sahil.singh444@gmail.com,Delhi,2024-08-11
445,Divya Patel,divya.patel445@gmail.com,Bangalore,2024-08-11
446,Meera Rao,meera.rao446@gmail.com,Jaipur,2024-02-10
447,Vikram Mehta,vikram.mehta447@gmail.com,Ahmedabad,2024-04-23
448,Anjali Verma,anjali.verma448@gmail.com,Delhi,2024-09-18
449,Arjun Patel,arjun.patel449@gmail.com,Jaipur,2024-09-18
450,Sneha Singh,sneha.singh450@gmail.com,Ahmedabad,2024-11-26
451,Divya Verma,divya.verma451@gmail.com,Bangalore,2024-02-22
452,Amit Mehta,amit.mehta452@gmail.com,Bangalore,2024-03-29
453,Meera Verma,meera.verma453@gmail.com,Delhi,2024-03-31
454,Nikhil Gupta,nikhil.gupta454@gmail.com,Kolkata,2024-08-25
455,Nikhil Nair,nikhil.nair455@gmail.com,Lucknow,2024-08-17
456,Arjun Nair,arjun.nair456@gmail.com,Lucknow,2024-06-14
457,Divya Gupta,divya.gupta457@gmail.com,Ahmedabad,2024-03-18
458,Neha Patel,neha.patel458@gmail.com,Kolkata,2024-08-14
459,Arjun Mehta,arjun.mehta459@gmail.com,Pune,2024-10-29
460,Rahul Singh,rahul.singh460@gmail.com,Jaipur,2024-02-07
461,Karan Kapoor,karan.kapoor461@gmail.com,Kolkata,2024-01-20
462,Rahul Singh,rahul.singh462@gmail.com,Pune,2024-02-09
463,Arjun Patel,arjun.patel463@gmail.com,Lucknow,2024-10-31
464,Rohit Rao,rohit.rao464@gmail.com,Kolkata,2024-10-24
465,Rohit Iyer,rohit.iyer465@gmail.com,Mumbai,2024-08-18
466,Sahil Nair,sahil.nair466@gmail.com,Bangalore,2024-06-13
467,Meera Kapoor,meera.kapoor467@gmail.com,Jaipur,2024-03-18
468,Rahul Kapoor,rahul.kapoor468@gmail.com,Delhi,2024-06-24
469,Pooja Patel,pooja.patel469@gmail.com,Jaipur,2024-11-26
470,Amit Sharma,amit.sharma470@gmail.com,Bangalore,2024-12-28
471,Neha Kapoor,neha.kapoor471@gmail.com,Jaipur,2024-09-24
472,Meera Verma,meera.verma472@gmail.com,Ahmedabad,2024-07-09
473,Sahil Mehta,sahil.mehta473@gmail.com,Chennai,2024-07-28
474,Nikhil Singh,nikhil.singh474@gmail.com,Lucknow,2024-01-27
475,Nikhil Gupta,nikhil.gupta475@gmail.com,Ahmedabad,2024-02-03
476,Anjali Patel,anjali.patel476@gmail.com,Jaipur,2024-12-13
477,Vikram Mehta,vikram.mehta477@gmail.com,Pune,2024-12-02
478,Sahil Nair,sahil.nair478@gmail.com,Hyderabad,2024-06-19
479,Priya Nair,priya.nair479@gmail.com,Hyderabad,2024-06-28
480,Karan Gupta,karan.gupta480@gmail.com,Chennai,2024-03-07
481,Meera Iyer,meera.iyer481@gmail.com,Delhi,2024-06-07
482,Rohit Rao,rohit.rao482@gmail.com,Ahmedabad,2024-03-06
483,Arjun Iyer,arjun.iyer483@gmail.com,Jaipur,2024-02-17
484,Arjun Gupta,arjun.gupta484@gmail.com,Chennai,2024-09-17
485,Anjali Sharma,anjali.sharma485@gmail.com,Ahmedabad,2024-06-07
486,Amit Reddy,amit.reddy486@gmail.com,Ahmedabad,2024-09-05
487,Sneha Reddy,sneha.reddy487@gmail.com,Hyderabad,2024-03-20
488,Priya Mehta,priya.mehta488@gmail.com,Delhi,2024-09-16
489,Nikhil Jain,nikhil.jain489@gmail.com,Jaipur,2024-01-20
490,Arjun Singh,arjun.singh490@gmail.com,Lucknow,2024-03-08
491,Meera Rao,meera.rao491@gmail.com,Hyderabad,2024-03-24
492,Amit Iyer,amit.iyer492@gmail.com,Lucknow,2024-03-25
493,Pooja Kapoor,pooja.kapoor493@gmail.com,Mumbai,2024-07-29
494,Anjali Gupta,anjali.gupta494@gmail.com,Bangalore,2024-08-15
495,Meera Mehta,meera.mehta495@gmail.com,Kolkata,2024-04-29
496,Rohit Reddy,rohit.reddy496@gmail.com,Pune,2024-08-28
497,Sahil Reddy,sahil.reddy497@gmail.com,Ahmedabad,2024-12-13
498,Meera Kapoor,meera.kapoor498@gmail.com,Kolkata,2024-05-24
499,Nikhil Rao,nikhil.rao499@gmail.com,Jaipur,2024-09-27
500,Vikram Verma,vikram.verma500@gmail.com,Bangalore,2024-11-05
501,Amit Mehta,amit.mehta501@gmail.com,Mumbai,2024-11-24
502,Neha Singh,neha.singh502@gmail.com,Jaipur,2024-02-22
503,Pooja Jain,pooja.jain503@gmail.com,Delhi,2024-05-25
504,Priya Verma,priya.verma504@gmail.com,Pune,2024-08-18
505,Sahil Jain,sahil.jain505@gmail.com,Hyderabad,2024-08-11
506,Priya Reddy,priya.reddy506@gmail.com,Kolkata,2024-06-27
507,Sahil Sharma,sahil.sharma507@gmail.com,Chennai,2024-01-28
508,Vikram Jain,vikram.jain508@gmail.com,Ahmedabad,2024-04-30
509,Vikram Patel,vikram.patel509@gmail.com,Ahmedabad,2024-04-24
510,Rahul Singh,rahul.singh510@gmail.com,Delhi,2024-12-31
511,Arjun Singh,arjun.singh511@gmail.com,Hyderabad,2024-03-11
512,Rahul Mehta,rahul.mehta512@gmail.com,Kolkata,2024-12-22
513,Divya Verma,divya.verma513@gmail.com,Kolkata,2024-08-17
514,Meera Sharma,meera.sharma514@gmail.com,Delhi,2024-01-10
515,Karan Reddy,karan.reddy515@gmail.com,Hyderabad,2024-10-07
516,Pooja Nair,pooja.nair516@gmail.com,Jaipur,2024-08-04
517,Priya Mehta,priya.mehta517@gmail.com,Bangalore,2024-06-03
518,Priya Sharma,priya.sharma518@gmail.com,Bangalore,2024-08-02
519,Arjun Nair,arjun.nair519@gmail.com,Kolkata,2024-02-02
520,Priya Kapoor,priya.kapoor520@gmail.com,Lucknow,2024-10-01
521,Rahul Gupta,rahul.gupta521@gmail.com,Jaipur,2024-10-21
522,Sneha Iyer,sneha.iyer522@gmail.com,Hyderabad,2024-05-29
523,Vikram Sharma,vikram.sharma523@gmail.com,Lucknow,2024-06-29
524,Sneha Nair,sneha.nair524@gmail.com,Chennai,2024-04-05
525,Arjun Gupta,arjun.gupta525@gmail.com,Delhi,2024-09-25
526,Anjali Patel,anjali.patel526@gmail.com,Jaipur,2024-10-05
527,Rohit Jain,rohit.jain527@gmail.com,Jaipur,2024-01-11
528,Vikram Kapoor,vikram.kapoor528@gmail.com,Mumbai,2024-11-21
529,Vikram Singh,vikram.singh529@gmail.com,Pune,2024-01-09
530,Anjali Patel,anjali.patel530@gmail.com,Ahmedabad,2024-05-03
531,Pooja Gupta,pooja.gupta531@gmail.com,Delhi,2024-10-24
532,Pooja Singh,pooja.singh532@gmail.com,Hyderabad,2024-01-23
533,Anjali Jain,anjali.jain533@gmail.com,Ahmedabad,2024-11-25
534,Amit Gupta,amit.gupta534@gmail.com,Kolkata,2024-12-22
535,Neha Gupta,neha.gupta535@gmail.com,Hyderabad,2024-03-10
536,Priya Iyer,priya.iyer536@gmail.com,Kolkata,2024-01-19
537,Karan Reddy,karan.reddy537@gmail.com,Mumbai,2024-04-12
538,Sahil Sharma,sahil.sharma538@gmail.com,Ahmedabad,2024-06-07
539,Rohit Rao,rohit.rao539@gmail.com,Jaipur,2024-08-30
540,Karan Sharma,karan.sharma540@gmail.com,Bangalore,2024-05-26
541,Anjali Sharma,anjali.sharma541@gmail.com,Ahmedabad,2024-05-19
542,Priya Singh,priya.singh542@gmail.com,Chennai,2024-07-23
543,Pooja Kapoor,pooja.kapoor543@gmail.com,Chennai,2024-06-22
544,Amit Kapoor,amit.kapoor544@gmail.com,Kolkata,2024-07-07
545,Sahil Jain,sahil.jain545@gmail.com,Pune,2024-02-12
546,Pooja Rao,pooja.rao546@gmail.com,Delhi,2024-08-08
547,Meera Verma,meera.verma547@gmail.com,Jaipur,2024-05-30
548,Anjali Patel,anjali.patel548@gmail.com,Delhi,2024-06-16
549,Arjun Mehta,arjun.mehta549@gmail.com,Pune,2024-08-16
550,Meera Iyer,meera.iyer550@gmail.com,Chennai,2024-03-26
551,Pooja Kapoor,pooja.kapoor551@gmail.com,Ahmedabad,2024-08-16
552,Rahul Iyer,rahul.iyer552@gmail.com,Ahmedabad,2024-11-10
553,Vikram Mehta,vikram.mehta553@gmail.com,Mumbai,2024-02-08
554,Arjun Gupta,arjun.gupta554@gmail.com,Chennai,2024-07-05
555,Rohit Iyer,rohit.iyer555@gmail.com,Hyderabad,2024-01-16
556,Amit Nair,amit.nair556@gmail.com,Kolkata,2024-01-18
557,Amit Patel,amit.patel557@gmail.com,Bangalore,2024-11-26
558,Anjali Singh,anjali.singh558@gmail.com,Chennai,2024-10-17
559,Rahul Nair,rahul.nair559@gmail.com,Hyderabad,2024-12-13
560,Neha Singh,neha.singh560@gmail.com,Ahmedabad,2024-08-15
561,Nikhil Patel,nikhil.patel561@gmail.com,Lucknow,2024-03-11
562,Rohit Singh,rohit.singh562@gmail.com,Chennai,2024-06-09
563,Arjun Mehta,arjun.mehta563@gmail.com,Bangalore,2024-02-28
564,Rahul Iyer,rahul.iyer564@gmail.com,Hyderabad,2024-09-12
565,Rohit Rao,rohit.rao565@gmail.com,Jaipur,2024-03-01
566,Karan Mehta,karan.mehta566@gmail.com,Kolkata,2024-04-19
567,Meera Mehta,meera.mehta567@gmail.com,Kolkata,2024-04-12
568,Priya Verma,priya.verma568@gmail.com,Delhi,2024-08-19
569,Amit Iyer,amit.iyer569@gmail.com,Kolkata,2024-02-14
570,Nikhil Gupta,nikhil.gupta570@gmail.com,Ahmedabad,2024-12-07
571,Anjali Iyer,anjali.iyer571@gmail.com,Delhi,2024-10-08
572,Rohit Mehta,rohit.mehta572@gmail.com,Pune,2024-03-21
573,Pooja Iyer,pooja.iyer573@gmail.com,Hyderabad,2024-07-04
574,Rohit Reddy,rohit.reddy574@gmail.com,Delhi,2024-04-12
575,Nikhil Verma,nikhil.verma575@gmail.com,Bangalore,2024-09-09
576,Rahul Singh,rahul.singh576@gmail.com,Jaipur,2024-10-20
577,Anjali Kapoor,anjali.kapoor577@gmail.com,Jaipur,2024-03-07
578,Meera Patel,meera.patel578@gmail.com,Delhi,2024-06-07
579,Vikram Iyer,vikram.iyer579@gmail.com,Kolkata,2024-09-26
580,Vikram Rao,vikram.rao580@gmail.com,Lucknow,2024-02-07
581,Amit Singh,amit.singh581@gmail.com,Delhi,2024-08-18
582,Neha Gupta,neha.gupta582@gmail.com,Jaipur,2024-06-25
583,Amit Jain,amit.jain583@gmail.com,Lucknow,2024-04-03
584,Nikhil Verma,nikhil.verma584@gmail.com,Chennai,2024-09-14
585,Sahil Sharma,sahil.sharma585@gmail.com,Delhi,2024-09-22
586,Amit Mehta,amit.mehta586@gmail.com,Hyderabad,2024-03-23
587,Anjali Iyer,anjali.iyer587@gmail.com,Bangalore,2024-06-26
588,Rohit Mehta,rohit.mehta588@gmail.com,Delhi,2024-05-08
589,Sneha Gupta,sneha.gupta589@gmail.com,Jaipur,2024-05-20
590,Amit Gupta,amit.gupta590@gmail.com,Pune,2024-11-10
591,Rohit Patel,rohit.patel591@gmail.com,Jaipur,2024-11-24
592,Amit Nair,amit.nair592@gmail.com,Lucknow,2024-03-19
593,Amit Gupta,amit.gupta593@gmail.com,Lucknow,2024-11-05
594,Anjali Nair,anjali.nair594@gmail.com,Mumbai,2024-01-15
595,Priya Sharma,priya.sharma595@gmail.com,Lucknow,2024-05-15
596,Arjun Reddy,arjun.reddy596@gmail.com,Lucknow,2024-08-01
597,Meera Gupta,meera.gupta597@gmail.com,Mumbai,2024-09-11
598,Sahil Gupta,sahil.gupta598@gmail.com,Jaipur,2024-05-28
599,Arjun Mehta,arjun.mehta599@gmail.com,Kolkata,2024-05-05
600,Nikhil Gupta,nikhil.gupta600@gmail.com,Chennai,2024-06-01
601,Neha Patel,neha.patel601@gmail.com,Mumbai,2024-03-21
602,Neha Rao,neha.rao602@gmail.com,Kolkata,2024-08-25
603,Sneha Singh,sneha.singh603@gmail.com,Lucknow,2024-03-14
604,Anjali Iyer,anjali.iyer604@gmail.com,Ahmedabad,2024-06-25
605,Vikram Verma,vikram.verma605@gmail.com,Ahmedabad,2024-09-20
606,Rohit Patel,rohit.patel606@gmail.com,Ahmedabad,2024-05-03
607,Neha Patel,neha.patel607@gmail.com,Pune,2024-08-18
608,Sneha Verma,sneha.verma608@gmail.com,Delhi,2024-01-26
609,Karan Rao,karan.rao609@gmail.com,Lucknow,2024-08-02
610,Sneha Verma,sneha.verma610@gmail.com,Ahmedabad,2024-10-22
611,Pooja Singh,pooja.singh611@gmail.com,Bangalore,2024-03-22
612,Neha Jain,neha.jain612@gmail.com,Kolkata,2024-09-12
613,Sahil Mehta,sahil.mehta613@gmail.com,Kolkata,2024-01-12
614,Priya Rao,priya.rao614@gmail.com,Jaipur,2024-08-22
615,Sneha Reddy,sneha.reddy615@gmail.com,Lucknow,2024-06-29
616,Rahul Sharma,rahul.sharma616@gmail.com,Pune,2024-09-10
617,Meera Gupta,meera.gupta617@gmail.com,Kolkata,2024-05-26
618,Rohit Sharma,rohit.sharma618@gmail.com,Delhi,2024-08-08
619,Amit Mehta,amit.mehta619@gmail.com,Ahmedabad,2024-07-25
620,Anjali Sharma,anjali.sharma620@gmail.com,Chennai,2024-01-27
621,Meera Jain,meera.jain621@gmail.com,Bangalore,2024-07-04
622,Rohit Mehta,rohit.mehta622@gmail.com,Delhi,2024-07-16
623,Rohit Kapoor,rohit.kapoor623@gmail.com,Jaipur,2024-05-23
624,Divya Nair,divya.nair624@gmail.com,Lucknow,2024-03-01
625,Amit Patel,amit.patel625@gmail.com,Chennai,2024-07-10
626,Nikhil Singh,nikhil.singh626@gmail.com,Jaipur,2024-07-06
627,Nikhil Verma,nikhil.verma627@gmail.com,Bangalore,2024-11-04
628,Rohit Rao,rohit.rao628@gmail.com,Jaipur,2024-01-21
629,Rahul Sharma,rahul.sharma629@gmail.com,Hyderabad,2024-12-31
630,Anjali Kapoor,anjali.kapoor630@gmail.com,Jaipur,2024-08-21
631,Amit Nair,amit.nair631@gmail.com,Jaipur,2024-03-12
632,Anjali Nair,anjali.nair632@gmail.com,Ahmedabad,2024-03-24
633,Vikram Nair,vikram.nair633@gmail.com,Pune,2024-10-30
634,Anjali Jain,anjali.jain634@gmail.com,Jaipur,2024-09-29
635,Neha Iyer,neha.iyer635@gmail.com,Lucknow,2024-06-02
636,Neha Sharma,neha.sharma636@gmail.com,Ahmedabad,2024-06-18
637,Arjun Patel,arjun.patel637@gmail.com,Chennai,2024-10-25
638,Karan Iyer,karan.iyer638@gmail.com,Mumbai,2024-11-01
639,Neha Mehta,neha.mehta639@gmail.com,Lucknow,2024-10-22
640,Sneha Iyer,sneha.iyer640@gmail.com,Mumbai,2024-10-25
641,Neha Verma,neha.verma641@gmail.com,Jaipur,2024-11-18
642,Pooja Nair,pooja.nair642@gmail.com,Chennai,2024-03-16
643,Divya Gupta,divya.gupta643@gmail.com,Bangalore,2024-01-17
644,Meera Iyer,meera.iyer644@gmail.com,Delhi,2024-04-07
645,Rahul Kapoor,rahul.kapoor645@gmail.com,Ahmedabad,2024-08-02
646,Amit Rao,amit.rao646@gmail.com,Bangalore,2024-07-29
647,Rohit Nair,rohit.nair647@gmail.com,Kolkata,2024-02-01
648,Pooja Verma,pooja.verma648@gmail.com,Jaipur,2024-04-16
649,Rohit Singh,rohit.singh649@gmail.com,Kolkata,2024-09-26
650,Vikram Singh,vikram.singh650@gmail.com,Hyderabad,2024-08-23
651,Sahil Jain,sahil.jain651@gmail.com,Ahmedabad,2024-10-06
652,Anjali Gupta,anjali.gupta652@gmail.com,Pune,2024-11-08
653,Neha Reddy,neha.reddy653@gmail.com,Bangalore,2024-05-22
654,Rohit Mehta,rohit.mehta654@gmail.com,Bangalore,2024-06-01
655,Nikhil Mehta,nikhil.mehta655@gmail.com,Bangalore,2024-12-19
656,Pooja Kapoor,pooja.kapoor656@gmail.com,Ahmedabad,2024-09-02
657,Anjali Jain,anjali.jain657@gmail.com,Pune,2024-05-27
658,Priya Nair,priya.nair658@gmail.com,Jaipur,2024-07-13
659,Sahil Rao,sahil.rao659@gmail.com,Ahmedabad,2024-03-15
660,Karan Sharma,karan.sharma660@gmail.com,Pune,2024-12-31
661,Priya Singh,priya.singh661@gmail.com,Kolkata,2024-12-01
662,Karan Iyer,karan.iyer662@gmail.com,Kolkata,2024-04-19
663,Sneha Jain,sneha.jain663@gmail.com,Pune,2024-10-14
664,Pooja Mehta,pooja.mehta664@gmail.com,Hyderabad,2024-02-25
665,Meera Iyer,meera.iyer665@gmail.com,Lucknow,2024-05-02
666,Sneha Sharma,sneha.sharma666@gmail.com,Jaipur,2024-04-25
667,Arjun Reddy,arjun.reddy667@gmail.com,Mumbai,2024-02-21
668,Vikram Singh,vikram.singh668@gmail.com,Kolkata,2024-02-21
669,Arjun Verma,arjun.verma669@gmail.com,Mumbai,2024-10-08
670,Sahil Verma,sahil.verma670@gmail.com,Chennai,2024-11-30
671,Sahil Kapoor,sahil.kapoor671@gmail.com,Kolkata,2024-11-29
672,Sneha Mehta,sneha.mehta672@gmail.com,Ahmedabad,2024-05-26
673,Arjun Sharma,arjun.sharma673@gmail.com,Delhi,2024-11-29
674,Meera Reddy,meera.reddy674@gmail.com,Jaipur,2024-01-20
675,Sahil Verma,sahil.verma675@gmail.com,Chennai,2024-03-31
676,Sahil Sharma,sahil.sharma676@gmail.com,Chennai,2024-09-10
677,Amit Iyer,amit.iyer677@gmail.com,Pune,2024-01-20
678,Rahul Mehta,rahul.mehta678@gmail.com,Lucknow,2024-11-04
679,Priya Singh,priya.singh679@gmail.com,Pune,2024-08-20
680,Arjun Jain,arjun.jain680@gmail.com,Jaipur,2024-09-09
681,Sahil Verma,sahil.verma681@gmail.com,Jaipur,2024-08-27
682,Karan Reddy,karan.reddy682@gmail.com,Delhi,2024-06-18
683,Amit Iyer,amit.iyer683@gmail.com,Kolkata,2024-11-27
684,Karan Iyer,karan.iyer684@gmail.com,Hyderabad,2024-01-08
685,Pooja Singh,pooja.singh685@gmail.com,Pune,2024-10-17
686,Arjun Reddy,arjun.reddy686@gmail.com,Hyderabad,2024-11-08
687,Divya Gupta,divya.gupta687@gmail.com,Chennai,2024-08-06
688,Rohit Singh,rohit.singh688@gmail.com,Delhi,2024-07-24
689,Arjun Patel,arjun.patel689@gmail.com,Hyderabad,2024-03-12
690,Neha Singh,neha.singh690@gmail.com,Bangalore,2024-01-04
691,Karan Rao,karan.rao691@gmail.com,Bangalore,2024-08-16
692,Nikhil Mehta,nikhil.mehta692@gmail.com,Ahmedabad,2024-06-03
693,Meera Iyer,meera.iyer693@gmail.com,Lucknow,2024-01-06
694,Karan Gupta,karan.gupta694@gmail.com,Ahmedabad,2024-12-20
695,Sneha Sharma,sneha.sharma695@gmail.com,Delhi,2024-08-26
696,Karan Verma,karan.verma696@gmail.com,Chennai,2024-12-17
697,Rohit Iyer,rohit.iyer697@gmail.com,Pune,2024-12-19
698,Priya Gupta,priya.gupta698@gmail.com,Pune,2024-07-07
699,Meera Reddy,meera.reddy699@gmail.com,Bangalore,2024-03-09
700,Neha Verma,neha.verma700@gmail.com,Kolkata,2024-11-06
701,Anjali Rao,anjali.rao701@gmail.com,Jaipur,2024-08-29
702,Nikhil Jain,nikhil.jain702@gmail.com,Bangalore,2024-05-06
703,Arjun Nair,arjun.nair703@gmail.com,Delhi,2024-09-26
704,Neha Jain,neha.jain704@gmail.com,Ahmedabad,2024-02-09
705,Sahil Nair,sahil.nair705@gmail.com,Delhi,2024-02-01
706,Divya Jain,divya.jain706@gmail.com,Jaipur,2024-04-13
707,Meera Jain,meera.jain707@gmail.com,Hyderabad,2024-03-25
708,Anjali Jain,anjali.jain708@gmail.com,Kolkata,2024-02-29
709,Arjun Reddy,arjun.reddy709@gmail.com,Lucknow,2024-09-07
710,Priya Jain,priya.jain710@gmail.com,Kolkata,2024-01-29
711,Neha Verma,neha.verma711@gmail.com,Jaipur,2024-07-31
712,Neha Nair,neha.nair712@gmail.com,Mumbai,2024-10-13
713,Neha Gupta,neha.gupta713@gmail.com,Pune,2024-01-12
714,Vikram Mehta,vikram.mehta714@gmail.com,Mumbai,2024-04-21
715,Meera Patel,meera.patel715@gmail.com,Mumbai,2024-08-04
716,Anjali Iyer,anjali.iyer716@gmail.com,Delhi,2024-10-04
717,Rahul Patel,rahul.patel717@gmail.com,Kolkata,2024-01-17
718,Karan Rao,karan.rao718@gmail.com,Hyderabad,2024-03-10
719,Nikhil Gupta,nikhil.gupta719@gmail.com,Chennai,2024-07-10
720,Sahil Rao,sahil.rao720@gmail.com,Kolkata,2024-07-12
721,Vikram Patel,vikram.patel721@gmail.com,Jaipur,2024-03-09
722,Arjun Singh,arjun.singh722@gmail.com,Delhi,2024-04-01
723,Rohit Rao,rohit.rao723@gmail.com,Jaipur,2024-03-06
724,Pooja Reddy,pooja.reddy724@gmail.com,Mumbai,2024-01-12
725,Karan Kapoor,karan.kapoor725@gmail.com,Jaipur,2024-08-05
726,Rohit Rao,rohit.rao726@gmail.com,Bangalore,2024-05-06
727,Neha Singh,neha.singh727@gmail.com,Hyderabad,2024-05-21
728,Sneha Iyer,sneha.iyer728@gmail.com,Delhi,2024-01-17
729,Nikhil Gupta,nikhil.gupta729@gmail.com,Chennai,2024-11-10
730,Nikhil Sharma,nikhil.sharma730@gmail.com,Bangalore,2024-04-15
731,Priya Patel,priya.patel731@gmail.com,Lucknow,2024-01-18
732,Neha Nair,neha.nair732@gmail.com,Mumbai,2024-05-05
733,Pooja Sharma,pooja.sharma733@gmail.com,Chennai,2024-08-12
734,Sneha Jain,sneha.jain734@gmail.com,Bangalore,2024-01-29
735,Amit Jain,amit.jain735@gmail.com,Pune,2024-04-29
736,Divya Iyer,divya.iyer736@gmail.com,Lucknow,2024-06-12
737,Meera Nair,meera.nair737@gmail.com,Ahmedabad,2024-05-01
738,Karan Verma,karan.verma738@gmail.com,Jaipur,2024-04-23
739,Vikram Mehta,vikram.mehta739@gmail.com,Pune,2024-02-01
740,Rohit Nair,rohit.nair740@gmail.com,Hyderabad,2024-11-16
741,Arjun Rao,arjun.rao741@gmail.com,Jaipur,2024-09-10
742,Rahul Singh,rahul.singh742@gmail.com,Chennai,2024-09-25
743,Anjali Iyer,anjali.iyer743@gmail.com,Chennai,2024-07-28
744,Amit Mehta,amit.mehta744@gmail.com,Chennai,2024-04-04
745,Nikhil Jain,nikhil.jain745@gmail.com,Kolkata,2024-05-03
746,Divya Reddy,divya.reddy746@gmail.com,Pune,2024-12-28
747,Amit Kapoor,amit.kapoor747@gmail.com,Mumbai,2024-10-14
748,Vikram Rao,vikram.rao748@gmail.com,Jaipur,2024-09-28
749,Amit Rao,amit.rao749@gmail.com,Bangalore,2024-05-10
750,Sneha Singh,sneha.singh750@gmail.com,Delhi,2024-08-18
751,Divya Singh,divya.singh751@gmail.com,Delhi,2024-10-01
752,Pooja Reddy,pooja.reddy752@gmail.com,Mumbai,2024-05-17
753,Vikram Gupta,vikram.gupta753@gmail.com,Lucknow,2024-11-04
754,Rahul Patel,rahul.patel754@gmail.com,Bangalore,2024-10-27
755,Pooja Gupta,pooja.gupta755@gmail.com,Jaipur,2024-04-21
756,Neha Reddy,neha.reddy756@gmail.com,Ahmedabad,2024-06-04
757,Sahil Sharma,sahil.sharma757@gmail.com,Bangalore,2024-04-07
758,Pooja Patel,pooja.patel758@gmail.com,Kolkata,2024-05-04
759,Pooja Nair,pooja.nair759@gmail.com,Bangalore,2024-07-22
760,Sahil Reddy,sahil.reddy760@gmail.com,Jaipur,2024-06-13
761,Nikhil Mehta,nikhil.mehta761@gmail.com,Chennai,2024-08-26
762,Rohit Gupta,rohit.gupta762@gmail.com,Ahmedabad,2024-06-06
763,Karan Singh,karan.singh763@gmail.com,Jaipur,2024-09-11
764,Neha Patel,neha.patel764@gmail.com,Kolkata,2024-06-12
765,Sahil Reddy,sahil.reddy765@gmail.com,Ahmedabad,2024-06-09
766,Vikram Sharma,vikram.sharma766@gmail.com,Lucknow,2024-04-23
767,Pooja Verma,pooja.verma767@gmail.com,Mumbai,2024-05-13
768,Rohit Nair,rohit.nair768@gmail.com,Lucknow,2024-08-01
769,Karan Verma,karan.verma769@gmail.com,Bangalore,2024-06-17
770,Sneha Rao,sneha.rao770@gmail.com,Lucknow,2024-05-05
771,Neha Jain,neha.jain771@gmail.com,Ahmedabad,2024-05-11
772,Nikhil Kapoor,nikhil.kapoor772@gmail.com,Kolkata,2024-08-23
773,Amit Iyer,amit.iyer773@gmail.com,Ahmedabad,2024-03-27
774,Amit Iyer,amit.iyer774@gmail.com,Jaipur,2024-09-07
775,Amit Jain,amit.jain775@gmail.com,Mumbai,2024-09-25
776,Rahul Patel,rahul.patel776@gmail.com,Mumbai,2024-01-04
777,Vikram Verma,vikram.verma777@gmail.com,Bangalore,2024-02-04
778,Pooja Verma,pooja.verma778@gmail.com,Mumbai,2024-04-21
779,Rohit Kapoor,rohit.kapoor779@gmail.com,Ahmedabad,2024-01-31
780,Meera Gupta,meera.gupta780@gmail.com,Lucknow,2024-09-04
781,Arjun Kapoor,arjun.kapoor781@gmail.com,Mumbai,2024-01-04
782,Rohit Jain,rohit.jain782@gmail.com,Chennai,2024-01-07
783,Rahul Jain,rahul.jain783@gmail.com,Pune,2024-10-01
784,Karan Sharma,karan.sharma784@gmail.com,Jaipur,2024-12-23
785,Arjun Rao,arjun.rao785@gmail.com,Hyderabad,2024-02-24
786,Sahil Patel,sahil.patel786@gmail.com,Jaipur,2024-03-17
787,Sneha Reddy,sneha.reddy787@gmail.com,Lucknow,2024-09-26
788,Karan Singh,karan.singh788@gmail.com,Pune,2024-07-22
789,Priya Singh,priya.singh789@gmail.com,Chennai,2024-08-23
790,Meera Reddy,meera.reddy790@gmail.com,Bangalore,2024-06-02
791,Arjun Patel,arjun.patel791@gmail.com,Mumbai,2024-02-17
792,Vikram Rao,vikram.rao792@gmail.com,Chennai,2024-10-09
793,Neha Sharma,neha.sharma793@gmail.com,Mumbai,2024-12-25
794,Amit Patel,amit.patel794@gmail.com,Kolkata,2024-08-10
795,Arjun Singh,arjun.singh795@gmail.com,Lucknow,2024-02-18
796,Sahil Jain,sahil.jain796@gmail.com,Mumbai,2024-04-27
797,Sneha Iyer,sneha.iyer797@gmail.com,Lucknow,2024-08-31
798,Karan Sharma,karan.sharma798@gmail.com,Delhi,2024-12-16
799,Sahil Mehta,sahil.mehta799@gmail.com,Jaipur,2024-10-15
800,Arjun Sharma,arjun.sharma800@gmail.com,Hyderabad,2024-06-10
